title,details,upper_budget,lower_budget,timeline,annual_compensation_range,type
Help Needed in Nairobi -- Account Representative,"Help Needed in Nairobi -- Account Representative.&nbsp;Help Needed in Nairobi -- Account Representative.&nbsp;Help Needed in Nairobi -- Account Representative.Help Needed in Nairobi -- Account Representative.&nbsp;Help Needed in Nairobi -- Account Representative.&nbsp;Help Needed in Nairobi -- Account Representative.
<ul>
	<li>Help Needed in Nairobi -- Account Representative.&nbsp;Help Needed in Nairobi -- Account Representative.&nbsp;Help Needed in Nairobi -- Account Representative.</li>
	<li><strong><u><em>Help Needed in Nairobi -- Account Representative.&nbsp;Help Needed in Nairobi -- Account Representative.&nbsp;Help Needed in Nairobi -- Account Representative.</em></u></strong></li>
	<li>Help Needed in Nairobi -- Account Representative.&nbsp;Help Needed in Nairobi -- Account Representative.&nbsp;Help Needed in Nairobi -- Account Representative.</li>
	<li>Help Needed in Nairobi -- Account Representative.&nbsp;Help Needed in Nairobi -- Account Representative.&nbsp;Help Needed in Nairobi -- Account Representative.&nbsp;</li>
</ul>
Help Needed in Nairobi -- Account Representative.&nbsp;Help Needed in Nairobi -- Account Representative.&nbsp;Help Needed in Nairobi -- Account Representative.&nbsp;

<ol>
	<li>Help Needed in Nairobi -- Account Representative.&nbsp;Help Needed in Nairobi -- Account Representative.&nbsp;Help Needed in Nairobi -- Account Representative.&nbsp;</li>
	<li><strong>Help Needed in Nairobi -- Account Representative.&nbsp;Help Needed in Nairobi -- Account Representative.&nbsp;Help Needed in Nairobi -- Account Representative.&nbsp;</strong></li>
	<li>Help Needed in Nairobi -- Account Representative.&nbsp;Help Needed in Nairobi -- Account Representative.&nbsp;Help Needed in Nairobi -- Account Representative.&nbsp;Help Needed in Nairobi -- Account Representative.&nbsp;Help Needed in Nairobi -- Account Representative.&nbsp;Help Needed in Nairobi -- Account Representative.</li>
</ol>
Help Needed in Nairobi -- Account Representative.&nbsp;Help Needed in Nairobi -- Account Representative.&nbsp;Help Needed in Nairobi -- Account Representative.&nbsp;<br />
<br />
<br />
&nbsp;",,,,"$10,000 to $20,000",job
New Bridges For Lagos,"We need New Bridges For Lagos.We need New Bridges For Lagos.&nbsp;We need New Bridges For Lagos.
<ul>
	<li>We need New Bridges For Lagos.</li>
	<li>We need New Bridges For Lagos.</li>
	<li>We need New Bridges For Lagos.</li>
</ul>
We need New Bridges For Lagos.&nbsp;We need New Bridges For Lagos.&nbsp;We need New Bridges For Lagos.

<ol>
	<li>We need New Bridges For Lagos.</li>
	<li>We need New Bridges For Lagos.</li>
	<li>We need New Bridges For Lagos.</li>
	<li>We need New Bridges For Lagos.</li>
</ol>
We need New Bridges For Lagos.&nbsp;We need New Bridges For Lagos.&nbsp;We need New Bridges For Lagos.&nbsp;We need New Bridges For Lagos.",23456789,12345678,12 to 24 months,,project
We need New Bridges For Abuja,some details,5678900,5678900,12 to 24 months,,project
Testing Job 6.20,"Lorem ipsum dolor sit amet, consectetur adipiscing elit. Pellentesque a tempor erat. Nullam vel erat turpis. Vestibulum malesuada blandit nisl sit amet aliquet. Nullam ultricies varius enim, ut laoreet augue ornare sed. Nam nunc libero, vehicula sit amet tincidunt quis, egestas sit amet quam. Pellentesque eget posuere mauris. Aliquam vestibulum tincidunt ante sit amet volutpat. Donec leo enim, pellentesque vitae auctor non, malesuada fringilla metus. Quisque ultricies nec mauris id venenatis. In hac habitasse platea dictumst. Praesent augue eros, finibus ut eros quis, pulvinar scelerisque massa. Nam tempor bibendum condimentum.

Ut fringilla dignissim dui sed placerat. Vestibulum ante ipsum primis in faucibus orci luctus et ultrices posuere cubilia curae; Nam pharetra dolor in neque tristique, sed semper velit dignissim. Pellentesque efficitur, ipsum eget elementum luctus, libero enim vulputate lorem, ut blandit dui nisl in tellus. Lorem ipsum dolor sit amet, consectetur adipiscing elit. Vestibulum at elit lacus. Quisque sagittis laoreet turpis quis interdum. Orci varius natoque penatibus et magnis dis parturient montes, nascetur ridiculus mus. Cras ultrices rhoncus convallis.

Fusce non fringilla dui. Interdum et malesuada fames ac ante ipsum primis in faucibus. Aenean a dignissim lectus, id sodales erat. Nulla vel erat tortor. Duis vehicula, erat a fringilla ultricies, lacus lorem lobortis sem, quis sollicitudin neque nulla a justo. Duis quis porttitor magna. Vivamus id ipsum pretium dolor pharetra accumsan. Proin lacinia ullamcorper nisi et aliquam.",,,,"$10,000 to $20,000",job
Tetsing Project 6.20,"Lorem ipsum dolor sit amet, consectetur adipiscing elit. Pellentesque a tempor erat. Nullam vel erat turpis. Vestibulum malesuada blandit nisl sit amet aliquet. Nullam ultricies varius enim, ut laoreet augue ornare sed. Nam nunc libero, vehicula sit amet tincidunt quis, egestas sit amet quam. Pellentesque eget posuere mauris. Aliquam vestibulum tincidunt ante sit amet volutpat. Donec leo enim, pellentesque vitae auctor non, malesuada fringilla metus. Quisque ultricies nec mauris id venenatis. In hac habitasse platea dictumst. Praesent augue eros, finibus ut eros quis, pulvinar scelerisque massa. Nam tempor bibendum condimentum.

Ut fringilla dignissim dui sed placerat. Vestibulum ante ipsum primis in faucibus orci luctus et ultrices posuere cubilia curae; Nam pharetra dolor in neque tristique, sed semper velit dignissim. Pellentesque efficitur, ipsum eget elementum luctus, libero enim vulputate lorem, ut blandit dui nisl in tellus. Lorem ipsum dolor sit amet, consectetur adipiscing elit. Vestibulum at elit lacus. Quisque sagittis laoreet turpis quis interdum. Orci varius natoque penatibus et magnis dis parturient montes, nascetur ridiculus mus. Cras ultrices rhoncus convallis.

Fusce non fringilla dui. Interdum et malesuada fames ac ante ipsum primis in faucibus. Aenean a dignissim lectus, id sodales erat. Nulla vel erat tortor. Duis vehicula, erat a fringilla ultricies, lacus lorem lobortis sem, quis sollicitudin neque nulla a justo. Duis quis porttitor magna. Vivamus id ipsum pretium dolor pharetra accumsan. Proin lacinia ullamcorper nisi et aliquam.",5678900,5678900,12 to 24 months,,project
